Submission ID,Withdrawn,Primary,Secondary,Second Secondary
p0,False,r12,r9,
p0,False,r12,r54,
p1,False,r55,r39,
p1,False,r55,r82,
p2,False,r93,r37,
p2,False,r93,r71,
p3,False,r70,r87,
p3,False,r70,r27,
p4,False,r68,r47,
p4,False,r68,r75,
p5,False,r49,r99,
p5,False,r49,r16,
p6,False,r25,r69,
p6,False,r25,r48,
p7,False,r57,r22,
p7,False,r57,r60,
p8,False,r4,r23,
p8,False,r4,r38,
p9,False,r65,r31,
p9,False,r65,r98,
p10,False,r64,r95,
p10,False,r64,r14,
p11,False,r1,r13,
p11,False,r1,r74,
p12,False,r90,r58,
p12,False,r90,r97,
p13,False,r51,r79,
p13,False,r51,r8,
p14,False,r77,r50,
p14,False,r77,r52,
p15,False,r41,r44,
p15,False,r41,r26,
p16,False,r3,r84,
p16,False,r3,r0,
p17,False,r63,r42,
p17,False,r63,r7,
p18,False,r62,r86,
p18,False,r62,r17,
p19,False,r30,r34,
p19,False,r30,r67,
p20,False,r96,r85,
p20,False,r96,r43,
p21,False,r59,r89,
p21,False,r59,r5,
p22,False,r20,r40,
p22,False,r20,r72,
p23,False,r45,r61,
p23,False,r45,r35,
p24,False,r19,r29,
p24,False,r19,r11,
p25,False,r80,r73,
p25,False,r80,r33,
p26,False,r88,r78,
p26,False,r88,r15,
p27,False,r56,r6,
p27,False,r56,r2,
p28,False,r76,r94,
p28,False,r76,r28,
p29,False,r66,r53,
p29,False,r66,r91,
p30,False,r92,r21,
p30,False,r92,r46,
p31,False,r81,r18,
p31,False,r81,r24,
p32,False,r32,r10,
p32,False,r32,r83,
p33,False,r36,r50,
p33,False,r36,r37,
p34,False,r92,r28,
p34,False,r92,r15,
p35,False,r84,r73,
p35,False,r84,r27,
p36,False,r76,r44,
p36,False,r76,r29,
p37,False,r83,r13,
p37,False,r83,r70,
p38,False,r4,r89,
p38,False,r4,r82,
p39,False,r33,r35,
p39,False,r33,r38,
p40,False,r46,r94,
p40,False,r46,r65,
p41,False,r40,r41,
p41,False,r40,r55,
p42,False,r39,r57,
p42,False,r39,r16,
p43,False,r8,r17,
p43,False,r8,r59,
p44,False,r6,r31,
p44,False,r6,r85,
p45,False,r3,r52,
p45,False,r3,r5,
p46,False,r90,r49,
p46,False,r90,r98,
p47,False,r32,r72,
p47,False,r32,r93,
p48,False,r87,r0,
p48,False,r87,r48,
p49,False,r56,r75,
p49,False,r56,r1,
p50,False,r23,r53,
p50,False,r23,r2,
p51,False,r24,r66,
p51,False,r24,r62,
p52,False,r19,r61,
p52,False,r19,r54,
p53,False,r74,r68,
p53,False,r74,r77,
p54,False,r88,r14,
p54,False,r88,r69,
p55,False,r21,r99,
p55,False,r21,r64,
p56,False,r9,r47,
p56,False,r9,r58,
p57,False,r97,r11,
p57,False,r97,r43,
p58,False,r20,r63,
p58,False,r20,r60,
p59,False,r22,r36,
p59,False,r22,r10,
p60,False,r42,r51,
p60,False,r42,r91,
p61,False,r79,r81,
p61,False,r79,r45,
p62,False,r18,r95,
p62,False,r18,r78,
p63,False,r80,r26,
p63,False,r80,r7,
p64,False,r30,r86,
p64,False,r30,r67,
p65,False,r34,r71,
p65,False,r34,r25,
p66,False,r12,r96,
p66,False,r12,r36,
p67,False,r61,r66,
p67,False,r61,r64,
p68,False,r50,r80,
p68,False,r50,r19,
p69,False,r37,r87,
p69,False,r37,r67,
p70,False,r90,r88,
p70,False,r90,r77,
p71,False,r47,r44,
p71,False,r47,r83,
p72,False,r27,r1,
p72,False,r27,r86,
p73,False,r3,r74,
p73,False,r3,r48,
p74,False,r29,r41,
p74,False,r29,r71,
p75,False,r99,r12,
p75,False,r99,r84,
p76,False,r34,r15,
p76,False,r34,r76,
p77,False,r21,r16,
p77,False,r21,r62,
p78,False,r94,r45,
p78,False,r94,r73,
p79,False,r59,r95,
p79,False,r59,r39,
p80,False,r81,r7,
p80,False,r81,r25,
p81,False,r85,r40,
p81,False,r85,r13,
p82,False,r28,r33,
p82,False,r28,r68,
p83,False,r49,r10,
p83,False,r49,r43,
p84,False,r46,r20,
p84,False,r46,r75,
p85,False,r22,r60,
p85,False,r22,r23,
p86,False,r8,r9,
p86,False,r8,r32,
p87,False,r14,r69,
p87,False,r14,r30,
p88,False,r4,r91,
p88,False,r4,r63,
p89,False,r53,r54,
p89,False,r53,r26,
p90,False,r24,r52,
p90,False,r24,r96,
p91,False,r55,r57,
p91,False,r55,r56,
p92,False,r35,r78,
p92,False,r35,r97,
p93,False,r65,r31,
p93,False,r65,r98,
p94,False,r2,r70,
p94,False,r2,r72,
p95,False,r0,r79,
p95,False,r0,r6,
p96,False,r89,r11,
p96,False,r89,r18,
p97,False,r51,r5,
p97,False,r51,r42,
p98,False,r82,r17,
p98,False,r82,r58,
p99,False,r92,r93,
p99,False,r92,r38,
p100,False,r20,r7,
p100,False,r20,r21,
p101,False,r70,r6,
p101,False,r70,r97,
p102,False,r35,r95,
p102,False,r35,r63,
p103,False,r87,r54,
p103,False,r87,r44,
p104,False,r78,r81,
p104,False,r78,r8,
p105,False,r24,r60,
p105,False,r24,r32,
p106,False,r79,r31,
p106,False,r79,r19,
p107,False,r91,r51,
p107,False,r91,r40,
p108,False,r85,r71,
p108,False,r85,r72,
p109,False,r29,r65,
p109,False,r29,r58,
p110,False,r16,r3,
p110,False,r16,r83,
p111,False,r28,r39,
p111,False,r28,r49,
p112,False,r5,r2,
p112,False,r5,r52,
p113,False,r77,r64,
p113,False,r77,r14,
p114,False,r73,r25,
p114,False,r73,r93,
p115,False,r69,r34,
p115,False,r69,r15,
p116,False,r94,r74,
p116,False,r94,r82,
p117,False,r37,r22,
p117,False,r37,r13,
p118,False,r46,r9,
p118,False,r46,r45,
p119,False,r4,r11,
p119,False,r4,r43,
p120,False,r38,r57,
p120,False,r38,r1,
p121,False,r36,r18,
p121,False,r36,r30,
p122,False,r56,r23,
p122,False,r56,r33,
p123,False,r61,r50,
p123,False,r61,r88,
p124,False,r47,r0,
p124,False,r47,r10,
p125,False,r92,r98,
p125,False,r92,r12,
p126,False,r80,r96,
p126,False,r80,r84,
p127,False,r59,r26,
p127,False,r59,r55,
p128,False,r67,r68,
p128,False,r67,r75,
p129,False,r86,r17,
p129,False,r86,r41,
p130,False,r48,r66,
p130,False,r48,r53,
p131,False,r76,r62,
p131,False,r76,r42,
p132,False,r27,r89,
p132,False,r27,r90,
p133,False,r99,r29,
p133,False,r99,r66,
p134,False,r87,r59,
p134,False,r87,r73,
p135,False,r39,r85,
p135,False,r39,r79,
p136,False,r51,r47,
p136,False,r51,r8,
p137,False,r99,r27,
p137,False,r99,r97,
p138,False,r30,r74,
p138,False,r30,r93,
p139,False,r11,r75,
p139,False,r11,r67,
p140,False,r90,r28,
p140,False,r90,r55,
p141,False,r7,r32,
p141,False,r7,r96,
p142,False,r6,r81,
p142,False,r6,r13,
p143,False,r94,r43,
p143,False,r94,r35,
p144,False,r20,r54,
p144,False,r20,r76,
p145,False,r18,r95,
p145,False,r18,r45,
p146,False,r31,r48,
p146,False,r31,r91,
p147,False,r64,r72,
p147,False,r64,r65,
p148,False,r63,r69,
p148,False,r63,r56,
p149,False,r71,r2,
p149,False,r71,r84,
p150,False,r9,r22,
p150,False,r9,r3,
p151,False,r60,r68,
p151,False,r60,r86,
p152,False,r57,r4,
p152,False,r57,r34,
p153,False,r70,r78,
p153,False,r70,r98,
p154,False,r5,r21,
p154,False,r5,r53,
p155,False,r19,r92,
p155,False,r19,r88,
p156,False,r82,r15,
p156,False,r82,r37,
p157,False,r1,r0,
p157,False,r1,r58,
p158,False,r50,r62,
p158,False,r50,r77,
p159,False,r17,r26,
p159,False,r17,r14,
p160,False,r33,r52,
p160,False,r33,r16,
p161,False,r38,r46,
p161,False,r38,r24,
p162,False,r89,r83,
p162,False,r89,r41,
p163,False,r23,r25,
p163,False,r23,r61,
p164,False,r80,r40,
p164,False,r80,r42,
p165,False,r49,r36,
p165,False,r49,r44,
p166,False,r10,r12,
p166,False,r10,r1,
p167,False,r50,r76,
p167,False,r50,r19,
p168,False,r9,r15,
p168,False,r9,r53,
p169,False,r2,r14,
p169,False,r2,r78,
p170,False,r63,r75,
p170,False,r63,r6,
p171,False,r8,r33,
p171,False,r8,r26,
p172,False,r83,r93,
p172,False,r83,r51,
p173,False,r96,r25,
p173,False,r96,r30,
p174,False,r62,r84,
p174,False,r62,r3,
p175,False,r94,r92,
p175,False,r94,r54,
p176,False,r20,r18,
p176,False,r20,r37,
p177,False,r35,r40,
p177,False,r35,r70,
p178,False,r90,r61,
p178,False,r90,r27,
p179,False,r95,r58,
p179,False,r95,r99,
p180,False,r59,r56,
p180,False,r59,r55,
p181,False,r38,r43,
p181,False,r38,r74,
p182,False,r31,r71,
p182,False,r31,r67,
p183,False,r36,r11,
p183,False,r36,r0,
p184,False,r44,r22,
p184,False,r44,r49,
p185,False,r52,r89,
p185,False,r52,r12,
p186,False,r65,r64,
p186,False,r65,r17,
p187,False,r77,r66,
p187,False,r77,r29,
p188,False,r98,r7,
p188,False,r98,r42,
p189,False,r32,r39,
p189,False,r32,r46,
p190,False,r28,r69,
p190,False,r28,r5,
p191,False,r16,r57,
p191,False,r16,r10,
p192,False,r86,r80,
p192,False,r86,r79,
p193,False,r81,r41,
p193,False,r81,r4,
p194,False,r73,r85,
p194,False,r73,r60,
p195,False,r13,r68,
p195,False,r13,r47,
p196,False,r23,r88,
p196,False,r23,r87,
p197,False,r91,r48,
p197,False,r91,r24,
p198,False,r21,r97,
p198,False,r21,r34,
p199,False,r72,r82,
p199,False,r72,r45,
p200,False,r84,r99,
p200,False,r84,r10,
p201,False,r49,r73,
p201,False,r49,r64,
p202,False,r17,r62,
p202,False,r17,r75,
p203,False,r97,r72,
p203,False,r97,r85,
p204,False,r22,r34,
p204,False,r22,r8,
p205,False,r30,r92,
p205,False,r30,r19,
p206,False,r94,r57,
p206,False,r94,r95,
p207,False,r1,r28,
p207,False,r1,r36,
p208,False,r61,r26,
p208,False,r61,r27,
p209,False,r70,r39,
p209,False,r70,r38,
p210,False,r25,r13,
p210,False,r25,r6,
p211,False,r60,r21,
p211,False,r60,r90,
p212,False,r3,r71,
p212,False,r3,r24,
p213,False,r56,r11,
p213,False,r56,r42,
p214,False,r43,r45,
p214,False,r43,r5,
p215,False,r35,r69,
p215,False,r35,r52,
p216,False,r29,r91,
p216,False,r29,r88,
p217,False,r59,r82,
p217,False,r59,r18,
p218,False,r76,r9,
p218,False,r76,r79,
p219,False,r12,r32,
p219,False,r12,r48,
p220,False,r55,r89,
p220,False,r55,r65,
p221,False,r20,r80,
p221,False,r20,r4,
p222,False,r63,r81,
p222,False,r63,r98,
p223,False,r2,r96,
p223,False,r2,r47,
p224,False,r78,r14,
p224,False,r78,r68,
p225,False,r51,r41,
p225,False,r51,r66,
p226,False,r23,r46,
p226,False,r23,r86,
p227,False,r53,r33,
p227,False,r53,r67,
p228,False,r87,r15,
p228,False,r87,r16,
p229,False,r58,r44,
p229,False,r58,r40,
p230,False,r54,r31,
p230,False,r54,r77,
p231,False,r7,r50,
p231,False,r7,r83,
p232,False,r37,r74,
p232,False,r37,r93,
p233,False,r0,r79,
p233,False,r0,r45,
p234,False,r20,r32,
p234,False,r20,r46,
p235,False,r88,r90,
p235,False,r88,r11,
p236,False,r72,r69,
p236,False,r72,r35,
p237,False,r60,r3,
p237,False,r60,r1,
p238,False,r59,r5,
p238,False,r59,r39,
p239,False,r31,r53,
p239,False,r31,r54,
p240,False,r55,r13,
p240,False,r55,r67,
p241,False,r34,r9,
p241,False,r34,r89,
p242,False,r38,r14,
p242,False,r38,r47,
p243,False,r33,r87,
p243,False,r33,r75,
p244,False,r10,r70,
p244,False,r10,r8,
p245,False,r56,r86,
p245,False,r56,r40,
p246,False,r85,r84,
p246,False,r85,r97,
p247,False,r62,r74,
p247,False,r62,r95,
p248,False,r99,r68,
p248,False,r99,r25,
p249,False,r92,r28,
p249,False,r92,r21,
p250,False,r27,r6,
p250,False,r27,r61,
p251,False,r78,r18,
p251,False,r78,r82,
p252,False,r12,r43,
p252,False,r12,r22,
p253,False,r73,r66,
p253,False,r73,r49,
p254,False,r50,r2,
p254,False,r50,r58,
p255,False,r4,r44,
p255,False,r4,r77,
p256,False,r94,r71,
p256,False,r94,r96,
p257,False,r52,r93,
p257,False,r52,r0,
p258,False,r91,r29,
p258,False,r91,r37,
p259,False,r63,r65,
p259,False,r63,r57,
p260,False,r76,r48,
p260,False,r76,r15,
p261,False,r16,r23,
p261,False,r16,r51,
p262,False,r7,r30,
p262,False,r7,r80,
p263,False,r83,r26,
p263,False,r83,r42,
p264,False,r98,r36,
p264,False,r98,r19,
p265,False,r64,r24,
p265,False,r64,r81,
p266,False,r17,r41,
p266,False,r17,r21,
p267,False,r0,r35,
p267,False,r0,r41,
p268,False,r2,r54,
p268,False,r2,r8,
p269,False,r76,r49,
p269,False,r76,r32,
p270,False,r69,r65,
p270,False,r69,r45,
p271,False,r64,r75,
p271,False,r64,r66,
p272,False,r59,r98,
p272,False,r59,r95,
p273,False,r77,r96,
p273,False,r77,r82,
p274,False,r9,r4,
p274,False,r9,r63,
p275,False,r37,r7,
p275,False,r37,r1,
p276,False,r24,r83,
p276,False,r24,r61,
p277,False,r92,r70,
p277,False,r92,r38,
p278,False,r17,r47,
p278,False,r17,r13,
p279,False,r46,r88,
p279,False,r46,r94,
p280,False,r87,r62,
p280,False,r87,r81,
p281,False,r55,r52,
p281,False,r55,r51,
p282,False,r33,r79,
p282,False,r33,r11,
p283,False,r22,r25,
p283,False,r22,r16,
p284,False,r91,r42,
p284,False,r91,r23,
p285,False,r86,r53,
p285,False,r86,r68,
p286,False,r93,r36,
p286,False,r93,r99,
p287,False,r6,r40,
p287,False,r6,r3,
p288,False,r29,r44,
p288,False,r29,r85,
p289,False,r72,r60,
p289,False,r72,r39,
p290,False,r10,r67,
p290,False,r10,r84,
p291,False,r14,r71,
p291,False,r14,r50,
p292,False,r57,r26,
p292,False,r57,r73,
p293,False,r34,r30,
p293,False,r34,r58,
p294,False,r19,r90,
p294,False,r19,r56,
p295,False,r20,r18,
p295,False,r20,r43,
p296,False,r80,r31,
p296,False,r80,r12,
p297,False,r74,r27,
p297,False,r74,r97,
p298,False,r15,r78,
p298,False,r15,r89,
p299,False,r48,r5,
p299,False,r48,r28,
p300,False,r21,r24,
p300,False,r21,r58,
p301,False,r70,r59,
p301,False,r70,r60,
p302,False,r28,r83,
p302,False,r28,r52,
p303,False,r42,r13,
p303,False,r42,r17,
p304,False,r55,r43,
p304,False,r55,r92,
p305,False,r5,r84,
p305,False,r5,r63,
p306,False,r48,r64,
p306,False,r48,r44,
p307,False,r82,r89,
p307,False,r82,r30,
p308,False,r11,r10,
p308,False,r11,r1,
p309,False,r56,r49,
p309,False,r56,r74,
p310,False,r95,r80,
p310,False,r95,r53,
p311,False,r2,r90,
p311,False,r2,r19,
p312,False,r36,r27,
p312,False,r36,r25,
p313,False,r6,r34,
p313,False,r6,r72,
p314,False,r51,r35,
p314,False,r51,r81,
p315,False,r38,r50,
p315,False,r38,r9,
p316,False,r69,r40,
p316,False,r69,r86,
p317,False,r32,r54,
p317,False,r32,r61,
p318,False,r47,r73,
p318,False,r47,r39,
p319,False,r68,r94,
p319,False,r68,r57,
p320,False,r14,r77,
p320,False,r14,r67,
p321,False,r18,r79,
p321,False,r18,r93,
p322,False,r85,r91,
p322,False,r85,r12,
p323,False,r29,r66,
p323,False,r29,r65,
p324,False,r26,r46,
p324,False,r26,r15,
p325,False,r23,r87,
p325,False,r23,r76,
p326,False,r33,r96,
p326,False,r33,r37,
p327,False,r16,r0,
p327,False,r16,r99,
p328,False,r78,r88,
p328,False,r78,r71,
p329,False,r20,r3,
p329,False,r20,r31,
p330,False,r62,r75,
p330,False,r62,r98,
p331,False,r7,r4,
p331,False,r7,r22,
p332,False,r8,r97,
p332,False,r8,r41,
p333,False,r45,r6,
p333,False,r45,r41,
p334,False,r17,r76,
p334,False,r17,r95,
p335,False,r56,r77,
p335,False,r56,r15,
p336,False,r39,r94,
p336,False,r39,r80,
p337,False,r33,r72,
p337,False,r33,r24,
p338,False,r54,r28,
p338,False,r54,r60,
p339,False,r16,r55,
p339,False,r16,r62,
p340,False,r25,r42,
p340,False,r25,r14,
p341,False,r69,r1,
p341,False,r69,r44,
p342,False,r89,r90,
p342,False,r89,r20,
p343,False,r29,r97,
p343,False,r29,r18,
p344,False,r3,r57,
p344,False,r3,r91,
p345,False,r58,r40,
p345,False,r58,r38,
p346,False,r59,r8,
p346,False,r59,r75,
p347,False,r19,r35,
p347,False,r19,r13,
p348,False,r31,r61,
p348,False,r31,r46,
p349,False,r78,r87,
p349,False,r78,r99,
p350,False,r23,r65,
p350,False,r23,r66,
p351,False,r7,r48,
p351,False,r7,r92,
p352,False,r67,r4,
p352,False,r67,r81,
p353,False,r12,r26,
p353,False,r12,r84,
p354,False,r70,r74,
p354,False,r70,r10,
p355,False,r68,r82,
p355,False,r68,r49,
p356,False,r73,r79,
p356,False,r73,r50,
p357,False,r30,r11,
p357,False,r30,r0,
p358,False,r45,r85,
p358,False,r45,r52,
p359,False,r86,r93,
p359,False,r86,r51,
p360,False,r98,r43,
p360,False,r98,r64,
p361,False,r9,r22,
p361,False,r9,r21,
p362,False,r96,r53,
p362,False,r96,r37,
p363,False,r71,r47,
p363,False,r71,r5,
p364,False,r27,r36,
p364,False,r27,r32,
p365,False,r88,r63,
p365,False,r88,r83,
p366,False,r2,r34,
p366,False,r2,r98,
p367,False,r83,r77,
p367,False,r83,r28,
p368,False,r99,r70,
p368,False,r99,r52,
p369,False,r68,r50,
p369,False,r68,r85,
p370,False,r34,r74,
p370,False,r34,r4,
p371,False,r97,r1,
p371,False,r97,r2,
p372,False,r46,r37,
p372,False,r46,r41,
p373,False,r75,r59,
p373,False,r75,r87,
p374,False,r92,r18,
p374,False,r92,r20,
p375,False,r47,r11,
p375,False,r47,r80,
p376,False,r27,r60,
p376,False,r27,r49,
p377,False,r29,r65,
p377,False,r29,r53,
p378,False,r63,r57,
p378,False,r63,r6,
p379,False,r13,r73,
p379,False,r13,r40,
p380,False,r67,r64,
p380,False,r67,r93,
p381,False,r84,r35,
p381,False,r84,r5,
p382,False,r23,r9,
p382,False,r23,r91,
p383,False,r44,r3,
p383,False,r44,r94,
p384,False,r16,r51,
p384,False,r16,r66,
p385,False,r19,r58,
p385,False,r19,r39,
p386,False,r71,r38,
p386,False,r71,r82,
p387,False,r25,r48,
p387,False,r25,r95,
p388,False,r88,r90,
p388,False,r88,r26,
p389,False,r96,r36,
p389,False,r96,r32,
p390,False,r61,r43,
p390,False,r61,r55,
p391,False,r69,r21,
p391,False,r69,r15,
p392,False,r33,r12,
p392,False,r33,r79,
p393,False,r86,r56,
p393,False,r86,r30,
p394,False,r31,r54,
p394,False,r31,r24,
p395,False,r72,r45,
p395,False,r72,r7,
p396,False,r42,r8,
p396,False,r42,r89,
p397,False,r62,r22,
p397,False,r62,r17,
p398,False,r81,r76,
p398,False,r81,r14,
p399,False,r0,r10,
p399,False,r0,r78,
p400,False,r57,r62,
p400,False,r57,r92,
p401,False,r22,r36,
p401,False,r22,r37,
p402,False,r15,r99,
p402,False,r15,r71,
p403,False,r6,r91,
p403,False,r6,r5,
p404,False,r42,r50,
p404,False,r42,r84,
p405,False,r1,r53,
p405,False,r1,r4,
p406,False,r85,r83,
p406,False,r85,r72,
p407,False,r44,r67,
p407,False,r44,r77,
p408,False,r65,r12,
p408,False,r65,r60,
p409,False,r8,r63,
p409,False,r8,r52,
p410,False,r18,r93,
p410,False,r18,r46,
p411,False,r74,r25,
p411,False,r74,r51,
p412,False,r95,r26,
p412,False,r95,r78,
p413,False,r82,r23,
p413,False,r82,r29,
p414,False,r96,r3,
p414,False,r96,r87,
p415,False,r16,r48,
p415,False,r16,r0,
p416,False,r94,r30,
p416,False,r94,r24,
p417,False,r27,r34,
p417,False,r27,r79,
p418,False,r76,r56,
p418,False,r76,r98,
p419,False,r35,r69,
p419,False,r35,r49,
p420,False,r10,r43,
p420,False,r10,r41,
p421,False,r11,r68,
p421,False,r11,r32,
p422,False,r39,r47,
p422,False,r39,r58,
p423,False,r81,r59,
p423,False,r81,r73,
p424,False,r61,r54,
p424,False,r61,r90,
p425,False,r21,r75,
p425,False,r21,r31,
p426,False,r28,r20,
p426,False,r28,r33,
p427,False,r80,r2,
p427,False,r80,r97,
p428,False,r19,r66,
p428,False,r19,r88,
p429,False,r9,r14,
p429,False,r9,r55,
p430,False,r70,r40,
p430,False,r70,r17,
p431,False,r13,r86,
p431,False,r13,r89,
p432,False,r38,r45,
p432,False,r38,r64,
p433,False,r7,r92,
p433,False,r7,r81,
p434,False,r39,r33,
p434,False,r39,r37,
p435,False,r28,r82,
p435,False,r28,r75,
p436,False,r36,r84,
p436,False,r36,r17,
p437,False,r69,r40,
p437,False,r69,r52,
p438,False,r31,r15,
p438,False,r31,r0,
p439,False,r8,r78,
p439,False,r8,r58,
p440,False,r68,r49,
p440,False,r68,r65,
p441,False,r11,r77,
p441,False,r11,r55,
p442,False,r34,r67,
p442,False,r34,r14,
p443,False,r26,r57,
p443,False,r26,r80,
p444,False,r18,r38,
p444,False,r18,r90,
p445,False,r46,r59,
p445,False,r46,r94,
p446,False,r48,r86,
p446,False,r48,r30,
p447,False,r53,r51,
p447,False,r53,r29,
p448,False,r87,r22,
p448,False,r87,r96,
p449,False,r85,r54,
p449,False,r85,r19,
p450,False,r79,r24,
p450,False,r79,r64,
p451,False,r21,r89,
p451,False,r21,r62,
p452,False,r95,r5,
p452,False,r95,r27,
p453,False,r41,r9,
p453,False,r41,r10,
p454,False,r45,r83,
p454,False,r45,r61,
p455,False,r1,r42,
p455,False,r1,r73,
p456,False,r91,r50,
p456,False,r91,r71,
p457,False,r16,r2,
p457,False,r16,r60,
p458,False,r66,r74,
p458,False,r66,r47,
p459,False,r63,r3,
p459,False,r63,r12,
p460,False,r44,r72,
p460,False,r44,r43,
p461,False,r70,r23,
p461,False,r70,r25,
p462,False,r97,r20,
p462,False,r97,r32,
p463,False,r93,r7,
p463,False,r93,r13,
p464,False,r99,r35,
p464,False,r99,r98,
p465,False,r76,r6,
p465,False,r76,r56,
p466,False,r4,r88,
p466,False,r4,r51,
p467,False,r35,r45,
p467,False,r35,r81,
p468,False,r72,r92,
p468,False,r72,r67,
p469,False,r61,r47,
p469,False,r61,r73,
p470,False,r43,r85,
p470,False,r43,r27,
p471,False,r22,r48,
p471,False,r22,r53,
p472,False,r31,r38,
p472,False,r31,r2,
p473,False,r84,r40,
p473,False,r84,r79,
p474,False,r44,r63,
p474,False,r44,r7,
p475,False,r91,r42,
p475,False,r91,r41,
p476,False,r80,r9,
p476,False,r80,r82,
p477,False,r23,r46,
p477,False,r23,r99,
p478,False,r66,r19,
p478,False,r66,r75,
p479,False,r5,r97,
p479,False,r5,r74,
p480,False,r88,r56,
p480,False,r88,r3,
p481,False,r95,r8,
p481,False,r95,r17,
p482,False,r1,r89,
p482,False,r1,r10,
p483,False,r90,r78,
p483,False,r90,r37,
p484,False,r96,r71,
p484,False,r96,r6,
p485,False,r15,r94,
p485,False,r15,r0,
p486,False,r76,r21,
p486,False,r76,r4,
p487,False,r32,r69,
p487,False,r32,r50,
p488,False,r77,r62,
p488,False,r77,r33,
p489,False,r86,r24,
p489,False,r86,r18,
p490,False,r70,r29,
p490,False,r70,r60,
p491,False,r11,r52,
p491,False,r11,r98,
p492,False,r20,r55,
p492,False,r20,r87,
p493,False,r54,r57,
p493,False,r54,r14,
p494,False,r30,r58,
p494,False,r30,r64,
p495,False,r25,r68,
p495,False,r25,r93,
p496,False,r12,r34,
p496,False,r12,r65,
p497,False,r26,r39,
p497,False,r26,r36,
p498,False,r49,r28,
p498,False,r49,r59,
p499,False,r13,r83,
p499,False,r13,r16,
p500,False,r13,r57,
p500,False,r13,r31,
p501,False,r81,r16,
p501,False,r81,r61,
p502,False,r4,r52,
p502,False,r4,r33,
p503,False,r91,r70,
p503,False,r91,r72,
p504,False,r79,r0,
p504,False,r79,r73,
p505,False,r83,r95,
p505,False,r83,r7,
p506,False,r96,r82,
p506,False,r96,r11,
p507,False,r74,r76,
p507,False,r74,r38,
p508,False,r66,r85,
p508,False,r66,r14,
p509,False,r3,r55,
p509,False,r3,r34,
p510,False,r44,r17,
p510,False,r44,r19,
p511,False,r23,r26,
p511,False,r23,r41,
p512,False,r2,r10,
p512,False,r2,r9,
p513,False,r88,r42,
p513,False,r88,r50,
p514,False,r6,r22,
p514,False,r6,r67,
p515,False,r12,r78,
p515,False,r12,r86,
p516,False,r49,r53,
p516,False,r49,r45,
p517,False,r80,r51,
p517,False,r80,r64,
p518,False,r97,r29,
p518,False,r97,r15,
p519,False,r89,r37,
p519,False,r89,r94,
p520,False,r24,r63,
p520,False,r24,r39,
p521,False,r98,r1,
p521,False,r98,r65,
p522,False,r43,r25,
p522,False,r43,r99,
p523,False,r54,r40,
p523,False,r54,r71,
p524,False,r47,r92,
p524,False,r47,r21,
p525,False,r58,r18,
p525,False,r58,r48,
p526,False,r27,r69,
p526,False,r27,r36,
p527,False,r20,r8,
p527,False,r20,r59,
p528,False,r75,r90,
p528,False,r75,r60,
p529,False,r93,r46,
p529,False,r93,r5,
p530,False,r87,r28,
p530,False,r87,r56,
p531,False,r32,r62,
p531,False,r32,r68,
p532,False,r35,r77,
p532,False,r35,r84,
p533,False,r30,r7,
p533,False,r30,r47,
p534,False,r75,r26,
p534,False,r75,r83,
p535,False,r96,r72,
p535,False,r96,r87,
p536,False,r73,r2,
p536,False,r73,r99,
p537,False,r43,r15,
p537,False,r43,r8,
p538,False,r35,r91,
p538,False,r35,r9,
p539,False,r53,r50,
p539,False,r53,r65,
p540,False,r4,r41,
p540,False,r4,r37,
p541,False,r11,r86,
p541,False,r11,r23,
p542,False,r33,r14,
p542,False,r33,r51,
p543,False,r95,r21,
p543,False,r95,r20,
p544,False,r17,r55,
p544,False,r17,r92,
p545,False,r60,r67,
p545,False,r60,r93,
p546,False,r62,r42,
p546,False,r62,r48,
p547,False,r74,r52,
p547,False,r74,r44,
p548,False,r97,r16,
p548,False,r97,r98,
p549,False,r19,r36,
p549,False,r19,r3,
p550,False,r85,r12,
p550,False,r85,r68,
p551,False,r81,r13,
p551,False,r81,r64,
p552,False,r70,r39,
p552,False,r70,r22,
p553,False,r59,r10,
p553,False,r59,r82,
p554,False,r94,r63,
p554,False,r94,r89,
p555,False,r38,r78,
p555,False,r38,r18,
p556,False,r56,r6,
p556,False,r56,r71,
p557,False,r46,r84,
p557,False,r46,r45,
p558,False,r77,r90,
p558,False,r77,r1,
p559,False,r34,r5,
p559,False,r34,r76,
p560,False,r49,r69,
p560,False,r49,r27,
p561,False,r28,r61,
p561,False,r28,r0,
p562,False,r57,r30,
p562,False,r57,r88,
p563,False,r31,r54,
p563,False,r31,r25,
p564,False,r58,r29,
p564,False,r58,r32,
p565,False,r80,r40,
p565,False,r80,r24,
p566,False,r66,r79,
p566,False,r66,r8,
p567,False,r53,r77,
p567,False,r53,r10,
p568,False,r58,r20,
p568,False,r58,r89,
p569,False,r83,r60,
p569,False,r83,r69,
p570,False,r41,r30,
p570,False,r41,r22,
p571,False,r59,r84,
p571,False,r59,r72,
p572,False,r91,r52,
p572,False,r91,r63,
p573,False,r33,r94,
p573,False,r33,r0,
p574,False,r12,r96,
p574,False,r12,r36,
p575,False,r92,r76,
p575,False,r92,r88,
p576,False,r35,r46,
p576,False,r35,r19,
p577,False,r11,r68,
p577,False,r11,r71,
p578,False,r90,r95,
p578,False,r90,r44,
p579,False,r48,r2,
p579,False,r48,r43,
p580,False,r57,r42,
p580,False,r57,r70,
p581,False,r29,r40,
p581,False,r29,r51,
p582,False,r28,r66,
p582,False,r28,r62,
p583,False,r45,r79,
p583,False,r45,r74,
p584,False,r81,r7,
p584,False,r81,r25,
p585,False,r61,r93,
p585,False,r61,r18,
p586,False,r26,r3,
p586,False,r26,r24,
p587,False,r64,r98,
p587,False,r64,r14,
p588,False,r87,r78,
p588,False,r87,r85,
p589,False,r55,r21,
p589,False,r55,r75,
p590,False,r97,r38,
p590,False,r97,r16,
p591,False,r56,r50,
p591,False,r56,r37,
p592,False,r67,r54,
p592,False,r67,r27,
p593,False,r34,r49,
p593,False,r34,r15,
p594,False,r32,r4,
p594,False,r32,r13,
p595,False,r31,r5,
p595,False,r31,r9,
p596,False,r80,r86,
p596,False,r80,r47,
p597,False,r23,r6,
p597,False,r23,r82,
p598,False,r73,r1,
p598,False,r73,r39,
p599,False,r65,r17,
p599,False,r65,r99,
p600,False,r94,r26,
p600,False,r94,r84,
p601,False,r9,r80,
p601,False,r9,r92,
p602,False,r5,r12,
p602,False,r5,r39,
p603,False,r34,r48,
p603,False,r34,r14,
p604,False,r89,r38,
p604,False,r89,r86,
p605,False,r15,r13,
p605,False,r15,r51,
p606,False,r99,r77,
p606,False,r99,r66,
p607,False,r53,r33,
p607,False,r53,r45,
p608,False,r61,r42,
p608,False,r61,r41,
p609,False,r78,r23,
p609,False,r78,r47,
p610,False,r63,r59,
p610,False,r63,r17,
p611,False,r21,r31,
p611,False,r21,r58,
p612,False,r10,r88,
p612,False,r10,r68,
p613,False,r1,r16,
p613,False,r1,r32,
p614,False,r74,r54,
p614,False,r74,r90,
p615,False,r36,r44,
p615,False,r36,r6,
p616,False,r43,r67,
p616,False,r43,r71,
p617,False,r18,r0,
p617,False,r18,r60,
p618,False,r52,r2,
p618,False,r52,r81,
p619,False,r62,r75,
p619,False,r62,r72,
p620,False,r95,r7,
p620,False,r95,r11,
p621,False,r55,r83,
p621,False,r55,r40,
p622,False,r50,r19,
p622,False,r50,r65,
p623,False,r4,r22,
p623,False,r4,r27,
p624,False,r8,r28,
p624,False,r8,r29,
p625,False,r97,r69,
p625,False,r97,r37,
p626,False,r76,r91,
p626,False,r76,r73,
p627,False,r20,r98,
p627,False,r20,r96,
p628,False,r85,r30,
p628,False,r85,r46,
p629,False,r25,r57,
p629,False,r25,r82,
p630,False,r87,r70,
p630,False,r87,r35,
p631,False,r56,r64,
p631,False,r56,r93,
p632,False,r49,r3,
p632,False,r49,r79,
p633,False,r24,r62,
p633,False,r24,r40,
p634,False,r93,r63,
p634,False,r93,r25,
p635,False,r97,r30,
p635,False,r97,r71,
p636,False,r52,r59,
p636,False,r52,r0,
p637,False,r33,r53,
p637,False,r33,r44,
p638,False,r76,r60,
p638,False,r76,r96,
p639,False,r74,r42,
p639,False,r74,r48,
p640,False,r49,r66,
p640,False,r49,r91,
p641,False,r89,r36,
p641,False,r89,r35,
p642,False,r17,r75,
p642,False,r17,r24,
p643,False,r69,r68,
p643,False,r69,r47,
p644,False,r58,r55,
p644,False,r58,r6,
p645,False,r90,r28,
p645,False,r90,r2,
p646,False,r82,r65,
p646,False,r82,r13,
p647,False,r46,r70,
p647,False,r46,r95,
p648,False,r10,r37,
p648,False,r10,r83,
p649,False,r50,r8,
p649,False,r50,r26,
p650,False,r98,r51,
p650,False,r98,r41,
p651,False,r4,r61,
p651,False,r4,r1,
p652,False,r73,r92,
p652,False,r73,r45,
p653,False,r38,r7,
p653,False,r38,r29,
p654,False,r32,r18,
p654,False,r32,r78,
p655,False,r94,r99,
p655,False,r94,r19,
p656,False,r22,r9,
p656,False,r22,r57,
p657,False,r54,r16,
p657,False,r54,r34,
p658,False,r3,r14,
p658,False,r3,r31,
p659,False,r72,r84,
p659,False,r72,r5,
p660,False,r20,r43,
p660,False,r20,r77,
p661,False,r88,r64,
p661,False,r88,r23,
p662,False,r80,r85,
p662,False,r80,r27,
p663,False,r21,r81,
p663,False,r21,r11,
p664,False,r15,r12,
p664,False,r15,r67,
p665,False,r86,r79,
p665,False,r86,r39,
p666,False,r56,r87,
p666,False,r56,r14,
p667,False,r17,r80,
p667,False,r17,r35,
p668,False,r32,r5,
p668,False,r32,r38,
p669,False,r43,r3,
p669,False,r43,r31,
p670,False,r79,r39,
p670,False,r79,r21,
p671,False,r16,r50,
p671,False,r16,r82,
p672,False,r60,r62,
p672,False,r60,r59,
p673,False,r76,r75,
p673,False,r76,r69,
p674,False,r44,r6,
p674,False,r44,r25,
p675,False,r94,r95,
p675,False,r94,r47,
p676,False,r10,r86,
p676,False,r10,r27,
p677,False,r67,r40,
p677,False,r67,r1,
p678,False,r72,r91,
p678,False,r72,r87,
p679,False,r2,r54,
p679,False,r2,r68,
p680,False,r19,r74,
p680,False,r19,r0,
p681,False,r29,r52,
p681,False,r29,r64,
p682,False,r33,r11,
p682,False,r33,r46,
p683,False,r48,r89,
p683,False,r48,r85,
p684,False,r18,r34,
p684,False,r18,r71,
p685,False,r96,r66,
p685,False,r96,r70,
p686,False,r49,r26,
p686,False,r49,r45,
p687,False,r65,r37,
p687,False,r65,r51,
p688,False,r92,r7,
p688,False,r92,r99,
p689,False,r12,r20,
p689,False,r12,r88,
p690,False,r23,r24,
p690,False,r23,r15,
p691,False,r41,r90,
p691,False,r41,r58,
p692,False,r78,r9,
p692,False,r78,r57,
p693,False,r22,r84,
p693,False,r22,r30,
p694,False,r13,r77,
p694,False,r13,r36,
p695,False,r4,r73,
p695,False,r4,r28,
p696,False,r8,r81,
p696,False,r8,r83,
p697,False,r97,r63,
p697,False,r97,r56,
p698,False,r55,r98,
p698,False,r55,r93,
p699,False,r42,r53,
p699,False,r42,r61,
p700,False,r79,r73,
p700,False,r79,r7,
p701,False,r86,r92,
p701,False,r86,r54,
p702,False,r52,r45,
p702,False,r52,r94,
p703,False,r32,r22,
p703,False,r32,r50,
p704,False,r91,r58,
p704,False,r91,r96,
p705,False,r1,r59,
p705,False,r1,r90,
p706,False,r17,r88,
p706,False,r17,r47,
p707,False,r69,r18,
p707,False,r69,r10,
p708,False,r19,r85,
p708,False,r19,r55,
p709,False,r64,r93,
p709,False,r64,r62,
p710,False,r84,r83,
p710,False,r84,r75,
p711,False,r63,r35,
p711,False,r63,r67,
p712,False,r14,r3,
p712,False,r14,r72,
p713,False,r0,r42,
p713,False,r0,r80,
p714,False,r29,r78,
p714,False,r29,r5,
p715,False,r51,r20,
p715,False,r51,r31,
p716,False,r57,r82,
p716,False,r57,r37,
p717,False,r99,r48,
p717,False,r99,r11,
p718,False,r2,r25,
p718,False,r2,r36,
p719,False,r71,r66,
p719,False,r71,r8,
p720,False,r21,r34,
p720,False,r21,r49,
p721,False,r77,r68,
p721,False,r77,r30,
p722,False,r38,r16,
p722,False,r38,r41,
p723,False,r76,r43,
p723,False,r76,r89,
p724,False,r12,r24,
p724,False,r12,r9,
p725,False,r98,r26,
p725,False,r98,r87,
p726,False,r70,r65,
p726,False,r70,r15,
p727,False,r6,r44,
p727,False,r6,r23,
p728,False,r60,r33,
p728,False,r60,r4,
p729,False,r53,r27,
p729,False,r53,r56,
p730,False,r46,r95,
p730,False,r46,r13,
p731,False,r40,r74,
p731,False,r40,r81,
p732,False,r61,r39,
p732,False,r61,r97,
p733,False,r28,r56,
p733,False,r28,r97,
p734,False,r8,r80,
p734,False,r8,r77,
p735,False,r62,r16,
p735,False,r62,r14,
p736,False,r59,r64,
p736,False,r59,r98,
p737,False,r15,r73,
p737,False,r15,r10,
p738,False,r6,r72,
p738,False,r6,r38,
p739,False,r60,r93,
p739,False,r60,r58,
p740,False,r27,r61,
p740,False,r27,r84,
p741,False,r85,r75,
p741,False,r85,r47,
p742,False,r55,r43,
p742,False,r55,r24,
p743,False,r88,r37,
p743,False,r88,r22,
p744,False,r70,r63,
p744,False,r70,r51,
p745,False,r92,r68,
p745,False,r92,r34,
p746,False,r17,r83,
p746,False,r17,r87,
p747,False,r54,r91,
p747,False,r54,r53,
p748,False,r44,r79,
p748,False,r44,r78,
p749,False,r86,r7,
p749,False,r86,r30,
p750,False,r69,r48,
p750,False,r69,r2,
p751,False,r71,r18,
p751,False,r71,r45,
p752,False,r20,r65,
p752,False,r20,r29,
p753,False,r3,r57,
p753,False,r3,r28,
p754,False,r9,r99,
p754,False,r9,r40,
p755,False,r36,r26,
p755,False,r36,r67,
p756,False,r21,r74,
p756,False,r21,r0,
p757,False,r12,r4,
p757,False,r12,r52,
p758,False,r49,r82,
p758,False,r49,r39,
p759,False,r94,r13,
p759,False,r94,r46,
p760,False,r25,r95,
p760,False,r25,r81,
p761,False,r23,r19,
p761,False,r23,r11,
p762,False,r32,r1,
p762,False,r32,r33,
p763,False,r31,r50,
p763,False,r31,r5,
p764,False,r96,r35,
p764,False,r96,r66,
p765,False,r89,r42,
p765,False,r89,r41,
p766,False,r90,r76,
p766,False,r90,r72,
p767,False,r80,r66,
p767,False,r80,r76,
p768,False,r90,r62,
p768,False,r90,r38,
p769,False,r16,r33,
p769,False,r16,r29,
p770,False,r81,r54,
p770,False,r81,r24,
p771,False,r5,r12,
p771,False,r5,r96,
p772,False,r8,r49,
p772,False,r8,r94,
p773,False,r17,r91,
p773,False,r17,r26,
p774,False,r34,r70,
p774,False,r34,r3,
p775,False,r35,r9,
p775,False,r35,r95,
p776,False,r58,r0,
p776,False,r58,r69,
p777,False,r7,r41,
p777,False,r7,r25,
p778,False,r15,r64,
p778,False,r15,r50,
p779,False,r40,r73,
p779,False,r40,r45,
p780,False,r44,r71,
p780,False,r44,r56,
p781,False,r1,r97,
p781,False,r1,r31,
p782,False,r74,r43,
p782,False,r74,r2,
p783,False,r48,r20,
p783,False,r48,r42,
p784,False,r84,r63,
p784,False,r84,r22,
p785,False,r51,r82,
p785,False,r51,r36,
p786,False,r78,r99,
p786,False,r78,r93,
p787,False,r67,r14,
p787,False,r67,r13,
p788,False,r61,r23,
p788,False,r61,r98,
p789,False,r89,r87,
p789,False,r89,r37,
p790,False,r55,r18,
p790,False,r55,r53,
p791,False,r88,r65,
p791,False,r88,r21,
p792,False,r52,r79,
p792,False,r52,r77,
p793,False,r28,r60,
p793,False,r28,r57,
p794,False,r47,r6,
p794,False,r47,r30,
p795,False,r46,r92,
p795,False,r46,r32,
p796,False,r85,r68,
p796,False,r85,r4,
p797,False,r59,r27,
p797,False,r59,r10,
p798,False,r75,r86,
p798,False,r75,r19,
p799,False,r11,r83,
p799,False,r11,r39,
p800,False,r62,r76,
p800,False,r62,r53,
p801,False,r37,r28,
p801,False,r37,r75,
p802,False,r48,r10,
p802,False,r48,r95,
p803,False,r66,r94,
p803,False,r66,r39,
p804,False,r0,r6,
p804,False,r0,r20,
p805,False,r50,r34,
p805,False,r50,r92,
p806,False,r49,r83,
p806,False,r49,r44,
p807,False,r27,r22,
p807,False,r27,r67,
p808,False,r72,r81,
p808,False,r72,r58,
p809,False,r14,r82,
p809,False,r14,r21,
p810,False,r65,r51,
p810,False,r65,r18,
p811,False,r97,r47,
p811,False,r97,r87,
p812,False,r80,r42,
p812,False,r80,r12,
p813,False,r79,r60,
p813,False,r79,r77,
p814,False,r78,r33,
p814,False,r78,r85,
p815,False,r32,r46,
p815,False,r32,r31,
p816,False,r8,r15,
p816,False,r8,r59,
p817,False,r7,r25,
p817,False,r7,r16,
p818,False,r91,r55,
p818,False,r91,r19,
p819,False,r52,r84,
p819,False,r52,r1,
p820,False,r38,r89,
p820,False,r38,r98,
p821,False,r99,r36,
p821,False,r99,r9,
p822,False,r57,r13,
p822,False,r57,r40,
p823,False,r24,r93,
p823,False,r24,r74,
p824,False,r73,r69,
p824,False,r73,r56,
p825,False,r70,r61,
p825,False,r70,r4,
p826,False,r71,r5,
p826,False,r71,r63,
p827,False,r23,r11,
p827,False,r23,r68,
p828,False,r41,r30,
p828,False,r41,r96,
p829,False,r86,r88,
p829,False,r86,r64,
p830,False,r2,r17,
p830,False,r2,r43,
p831,False,r54,r3,
p831,False,r54,r90,
p832,False,r35,r26,
p832,False,r35,r45,
p833,False,r29,r24,
p833,False,r29,r7,
p834,False,r29,r84,
p834,False,r29,r69,
p835,False,r5,r39,
p835,False,r5,r67,
p836,False,r85,r86,
p836,False,r85,r96,
p837,False,r40,r87,
p837,False,r40,r43,
p838,False,r45,r10,
p838,False,r45,r27,
p839,False,r46,r47,
p839,False,r46,r76,
p840,False,r35,r4,
p840,False,r35,r72,
p841,False,r6,r60,
p841,False,r6,r59,
p842,False,r74,r97,
p842,False,r74,r32,
p843,False,r14,r89,
p843,False,r14,r15,
p844,False,r61,r22,
p844,False,r61,r63,
p845,False,r75,r98,
p845,False,r75,r55,
p846,False,r81,r37,
p846,False,r81,r21,
p847,False,r93,r71,
p847,False,r93,r54,
p848,False,r36,r42,
p848,False,r36,r94,
p849,False,r30,r58,
p849,False,r30,r56,
p850,False,r16,r1,
p850,False,r16,r53,
p851,False,r18,r17,
p851,False,r18,r2,
p852,False,r3,r92,
p852,False,r3,r44,
p853,False,r99,r95,
p853,False,r99,r41,
p854,False,r51,r23,
p854,False,r51,r78,
p855,False,r19,r79,
p855,False,r19,r49,
p856,False,r77,r34,
p856,False,r77,r52,
p857,False,r25,r64,
p857,False,r25,r20,
p858,False,r65,r0,
p858,False,r65,r82,
p859,False,r88,r91,
p859,False,r88,r38,
p860,False,r12,r13,
p860,False,r12,r57,
p861,False,r48,r73,
p861,False,r48,r50,
p862,False,r28,r9,
p862,False,r28,r62,
p863,False,r11,r83,
p863,False,r11,r26,
p864,False,r68,r66,
p864,False,r68,r31,
p865,False,r70,r33,
p865,False,r70,r80,
p866,False,r90,r8,
p866,False,r90,r64,
p867,False,r96,r46,
p867,False,r96,r63,
p868,False,r4,r18,
p868,False,r4,r97,
p869,False,r84,r32,
p869,False,r84,r39,
p870,False,r28,r49,
p870,False,r28,r16,
p871,False,r75,r10,
p871,False,r75,r25,
p872,False,r34,r6,
p872,False,r34,r9,
p873,False,r5,r7,
p873,False,r5,r93,
p874,False,r79,r68,
p874,False,r79,r3,
p875,False,r17,r38,
p875,False,r17,r52,
p876,False,r22,r94,
p876,False,r22,r81,
p877,False,r92,r42,
p877,False,r92,r61,
p878,False,r59,r20,
p878,False,r59,r21,
p879,False,r8,r11,
p879,False,r8,r12,
p880,False,r57,r30,
p880,False,r57,r69,
p881,False,r78,r35,
p881,False,r78,r48,
p882,False,r24,r73,
p882,False,r24,r36,
p883,False,r47,r29,
p883,False,r47,r70,
p884,False,r50,r0,
p884,False,r50,r87,
p885,False,r74,r62,
p885,False,r74,r83,
p886,False,r55,r44,
p886,False,r55,r99,
p887,False,r98,r31,
p887,False,r98,r53,
p888,False,r66,r1,
p888,False,r66,r45,
p889,False,r43,r67,
p889,False,r43,r90,
p890,False,r85,r89,
p890,False,r85,r2,
p891,False,r91,r56,
p891,False,r91,r51,
p892,False,r27,r26,
p892,False,r27,r76,
p893,False,r71,r23,
p893,False,r71,r80,
p894,False,r33,r19,
p894,False,r33,r88,
p895,False,r37,r60,
p895,False,r37,r86,
p896,False,r58,r95,
p896,False,r58,r77,
p897,False,r14,r54,
p897,False,r14,r82,
p898,False,r65,r72,
p898,False,r65,r13,
p899,False,r40,r15,
p899,False,r40,r41,
p900,False,r14,r8,
p900,False,r14,r82,
p901,False,r21,r80,
p901,False,r21,r94,
p902,False,r75,r71,
p902,False,r75,r59,
p903,False,r88,r9,
p903,False,r88,r40,
p904,False,r19,r83,
p904,False,r19,r85,
p905,False,r7,r50,
p905,False,r7,r70,
p906,False,r4,r69,
p906,False,r4,r16,
p907,False,r98,r96,
p907,False,r98,r28,
p908,False,r62,r34,
p908,False,r62,r56,
p909,False,r61,r3,
p909,False,r61,r77,
p910,False,r5,r65,
p910,False,r5,r15,
p911,False,r55,r20,
p911,False,r55,r23,
p912,False,r81,r67,
p912,False,r81,r39,
p913,False,r25,r76,
p913,False,r25,r60,
p914,False,r74,r52,
p914,False,r74,r37,
p915,False,r0,r89,
p915,False,r0,r78,
p916,False,r12,r35,
p916,False,r12,r36,
p917,False,r24,r92,
p917,False,r24,r27,
p918,False,r90,r13,
p918,False,r90,r84,
p919,False,r43,r95,
p919,False,r43,r30,
p920,False,r53,r38,
p920,False,r53,r64,
p921,False,r1,r18,
p921,False,r1,r44,
p922,False,r68,r48,
p922,False,r68,r32,
p923,False,r22,r58,
p923,False,r22,r26,
p924,False,r57,r87,
p924,False,r57,r99,
p925,False,r72,r31,
p925,False,r72,r45,
p926,False,r10,r63,
p926,False,r10,r33,
p927,False,r17,r86,
p927,False,r17,r29,
p928,False,r42,r6,
p928,False,r42,r41,
p929,False,r11,r97,
p929,False,r11,r91,
p930,False,r54,r66,
p930,False,r54,r2,
p931,False,r73,r79,
p931,False,r73,r93,
p932,False,r46,r47,
p932,False,r46,r49,
p933,False,r51,r24,
p933,False,r51,r76,
p934,False,r36,r45,
p934,False,r36,r79,
p935,False,r92,r5,
p935,False,r92,r83,
p936,False,r21,r69,
p936,False,r21,r28,
p937,False,r74,r87,
p937,False,r74,r90,
p938,False,r89,r61,
p938,False,r89,r27,
p939,False,r80,r29,
p939,False,r80,r1,
p940,False,r0,r4,
p940,False,r0,r12,
p941,False,r43,r13,
p941,False,r43,r41,
p942,False,r7,r46,
p942,False,r7,r95,
p943,False,r42,r81,
p943,False,r42,r10,
p944,False,r44,r77,
p944,False,r44,r48,
p945,False,r32,r65,
p945,False,r32,r96,
p946,False,r78,r9,
p946,False,r78,r30,
p947,False,r72,r14,
p947,False,r72,r15,
p948,False,r64,r93,
p948,False,r64,r3,
p949,False,r11,r63,
p949,False,r11,r37,
p950,False,r35,r20,
p950,False,r35,r73,
p951,False,r18,r84,
p951,False,r18,r47,
p952,False,r23,r59,
p952,False,r23,r62,
p953,False,r88,r50,
p953,False,r88,r56,
p954,False,r2,r51,
p954,False,r2,r85,
p955,False,r40,r16,
p955,False,r40,r25,
p956,False,r22,r38,
p956,False,r22,r6,
p957,False,r99,r39,
p957,False,r99,r49,
p958,False,r19,r75,
p958,False,r19,r57,
p959,False,r33,r70,
p959,False,r33,r68,
p960,False,r86,r17,
p960,False,r86,r60,
p961,False,r34,r97,
p961,False,r34,r31,
p962,False,r94,r67,
p962,False,r94,r98,
p963,False,r53,r82,
p963,False,r53,r58,
p964,False,r66,r52,
p964,False,r66,r55,
p965,False,r71,r8,
p965,False,r71,r91,
p966,False,r26,r54,
p966,False,r26,r9,
p967,False,r80,r95,
p967,False,r80,r30,
p968,False,r34,r43,
p968,False,r34,r29,
p969,False,r71,r69,
p969,False,r71,r20,
p970,False,r13,r49,
p970,False,r13,r24,
p971,False,r74,r86,
p971,False,r74,r15,
p972,False,r0,r8,
p972,False,r0,r46,
p973,False,r89,r12,
p973,False,r89,r72,
p974,False,r65,r73,
p974,False,r65,r90,
p975,False,r54,r10,
p975,False,r54,r31,
p976,False,r6,r87,
p976,False,r6,r44,
p977,False,r67,r56,
p977,False,r67,r27,
p978,False,r58,r25,
p978,False,r58,r68,
p979,False,r42,r50,
p979,False,r42,r45,
p980,False,r1,r33,
p980,False,r1,r36,
p981,False,r79,r51,
p981,False,r79,r35,
p982,False,r37,r92,
p982,False,r37,r7,
p983,False,r57,r21,
p983,False,r57,r63,
p984,False,r14,r47,
p984,False,r14,r60,
p985,False,r91,r3,
p985,False,r91,r93,
p986,False,r83,r18,
p986,False,r83,r84,
p987,False,r64,r23,
p987,False,r64,r39,
p988,False,r17,r88,
p988,False,r17,r85,
p989,False,r4,r55,
p989,False,r4,r32,
p990,False,r66,r99,
p990,False,r66,r38,
p991,False,r77,r78,
p991,False,r77,r22,
p992,False,r5,r94,
p992,False,r5,r52,
p993,False,r11,r61,
p993,False,r11,r48,
p994,False,r96,r59,
p994,False,r96,r2,
p995,False,r76,r62,
p995,False,r76,r98,
p996,False,r19,r81,
p996,False,r19,r26,
p997,False,r28,r16,
p997,False,r28,r40,
p998,False,r82,r53,
p998,False,r82,r75,
p999,False,r97,r70,
p999,False,r97,r41,
